{"cameraMode":{"drawMode":0,"name":"Shaded","section":"Shading Mode"},"sceneLighting":true,"audioPlay":false,"sceneViewState":{"showFog":true,"showMaterialUpdate":true,"showSkybox":false,"showFlares":true,"showImageEffects":true,"showParticleSystems":true},"in2DMode":false,"pivot":{"x":1.1399000883102418,"y":-2.437087059020996,"z":1.2079734802246094},"rotation":{"x":-0.00028181634843349457,"y":0.9821915626525879,"z":-0.1878766566514969,"w":-0.0014734064461663366},"size":194.6245574951172,"orthographic":false}